{
  "Comment": "Coffee Bean Adventure (Express Sync)",
  "StartAt": "RouteOnStep",
  "States": {
    "RouteOnStep": {
      "Type": "Choice",
      "Choices": [
        {
          "Variable": "$.session.step",
          "StringEquals": "START",
          "Next": "SelectBeans"
        },
        {
          "Variable": "$.session.step",
          "StringEquals": "BEAN_CHOICE",
          "Next": "BeanChoice"
        },
        {
          "Variable": "$.session.step",
          "StringEquals": "ROAST_CHOICE",
          "Next": "RoastChoice"
        }
      ],
      "Default": "BadStep"
    },
    "SelectBeans": {
      "Type": "Task",
      "Resource": "arn:aws:lambda:REGION:ACCOUNT_ID:function:selectBeans",
      "ResultPath": "$",
      "Next": "EndOrNext"
    },
    "BeanChoice": {
      "Type": "Task",
      "Resource": "arn:aws:lambda:REGION:ACCOUNT_ID:function:beanChoice",
      "ResultPath": "$",
      "Next": "EndOrNext"
    },
    "RoastChoice": {
      "Type": "Task",
      "Resource": "arn:aws:lambda:REGION:ACCOUNT_ID:function:brewCoffee",
      "ResultPath": "$",
      "Next": "EndOrNext"
    },
    "EndOrNext": {
      "Type": "Choice",
      "Choices": [
        {
          "Variable": "$.session.done",
          "BooleanEquals": true,
          "Next": "Success"
        }
      ],
      "Default": "Success"
    },
    "BadStep": {
      "Type": "Fail",
      "Error": "InvalidStep",
      "Cause": "session.step must be START | BEAN_CHOICE | ROAST_CHOICE"
    },
    "Success": {
      "Type": "Succeed"
    }
  }
}